arm,model,run,run_id,t_min,score,loss,cost_usd,source,src_excerpt
ARA-4.5,claude-sonnet-4-5,parent,restricted_mlm_ara_seed1_job6786400,0.0,nan,0,0.0,baseline_json,harness pre-agent baseline
ARA-4.5,claude-sonnet-4-5,parent,restricted_mlm_ara_seed1_job6786400,4.744143942991893,1.428534476199535,5.672579694032669,0.7043683500000002,persisted,blp9rgzvz.txt
ARA-4.5,claude-sonnet-4-5,parent,restricted_mlm_ara_seed1_job6786400,4.928643600145976,1.428534476199535,5.672579694032669,0.7769533500000001,tmp_subagent,blp9rgzvz.ou
ARA-4.5,claude-sonnet-4-5,parent,restricted_mlm_ara_seed1_job6786400,4.995898834864298,1.428534476199535,5.672579694032669,0.81508965,tmp_subagent,b8ee7g2rz.ou
ARA-4.5,claude-sonnet-4-5,parent,restricted_mlm_ara_seed1_job6786400,5.070514134565989,1.428534476199535,5.672579694032669,0.8439409499999999,tmp_subagent,bygov30qy.ou
ARA-4.5,claude-sonnet-4-5,parent,restricted_mlm_ara_seed1_job6786400,5.409588305155436,1.428534476199535,5.672579694032669,1.0104493500000002,trace_json,bash score.sh
ARA-4.5,claude-sonnet-4-5,parent,restricted_mlm_ara_seed1_job6786400,15.01275718609492,1.3784212311084714,5.468631127595901,2.934732300000002,persisted,bflyfm9jt.txt
ARA-4.5,claude-sonnet-4-5,parent,restricted_mlm_ara_seed1_job6786400,15.112394702434539,1.3784212311084714,5.468631127595901,2.995601100000002,trace_json,bash score.sh 2>&1 | tail -50
ARA-4.5,claude-sonnet-4-5,parent,restricted_mlm_ara_seed1_job6786400,15.201294016838073,1.3784212311084714,5.468631127595901,2.995601100000002,tmp_subagent,bflyfm9jt.ou
ARA-4.5,claude-sonnet-4-5,parent,restricted_mlm_ara_seed1_job6786400,23.182181668281554,1.206385493798773,4.84138534116745,4.982113050000003,trace_json,bash score.sh 2>&1 | tail -1
ARA-4.5,claude-sonnet-4-5,parent,restricted_mlm_ara_seed1_job6786400,28.17621873219808,1.1913807368043667,4.79162293612957,7.347479850000004,trace_json,bash score.sh 2>&1 | tail -1
ARA-4.5,claude-sonnet-4-5,parent,restricted_mlm_ara_seed1_job6786400,33.486195707321166,1.1943538605855615,4.801423901081085,10.097306249999995,trace_json,bash score.sh 2>&1 | tail -1
ARA-4.5,claude-sonnet-4-5,parent,restricted_mlm_ara_seed1_job6786400,46.04810622930527,1.1362686630430183,4.615123078584671,12.982683599999996,trace_json,bash score.sh 2>&1 | tail -1
ARA-4.5,claude-sonnet-4-5,parent,restricted_mlm_ara_seed1_job6786400,48.31095081567764,1.1242757182727692,4.577986711859703,13.422673349999995,trace_json,bash score.sh 2>&1 | tail -1
ARA-4.5,claude-sonnet-4-5,parent,restricted_mlm_ara_seed1_job6786400,50.667621684074405,1.103254892012567,4.513960190773011,13.710820949999993,trace_json,bash score.sh 2>&1 | tail -1
ARA-4.5,claude-sonnet-4-5,parent,restricted_mlm_ara_seed1_job6786400,56.122768970330554,1.1072234097830826,4.525944910407066,14.161788449999996,trace_json,cd .. && bash score.sh 2>&1 | tail -1
ARA-4.5,claude-sonnet-4-5,parent,restricted_mlm_ara_seed1_job6786400,65.13012548685074,1.0748477920688724,4.429546966314316,16.047496049999992,trace_json,cd .. && bash score.sh 2>&1 | tail -1
ARA-4.5,claude-sonnet-4-5,parent,restricted_mlm_ara_seed1_job6786400,74.01230354706446,1.0533748165885435,4.367311458230018,17.386578449999988,trace_json,cd .. && bash score.sh 2>&1 | tail -1
ARA-4.5,claude-sonnet-4-5,parent,restricted_mlm_ara_seed1_job6786400,82.98834852774938,1.0268983219958785,4.292391290187836,18.69523229999998,trace_json,cd .. && bash score.sh 2>&1 | tail -1
ARA-4.5,claude-sonnet-4-5,parent,restricted_mlm_ara_seed1_job6786400,91.9623551050822,1.013870814247191,4.25624932205677,20.018954549999986,trace_json,cd .. && bash score.sh 2>&1 | tail -1
ARA-4.5,claude-sonnet-4-5,parent,restricted_mlm_ara_seed1_job6786400,102.20557947158814,0.9935181777451552,4.200719388604164,21.939111299999986,trace_json,"for i in {6..10}; do echo ""=== Round $i ==="" && cp solution/basic_model.pt solution/basic_model_ft$i.pt && cd solution &"
ARA-4.5,claude-sonnet-4-5,parent,restricted_mlm_ara_seed1_job6786400,113.85527280966441,0.9935181777451552,4.200719388604164,22.458089999999984,trace_json,"for i in {6..10}; do echo ""=== Round $i ==="" && cp solution/basic_model.pt solution/basic_model_ft$i.pt && cd solution &"
ARA-4.5,claude-sonnet-4-5,parent,restricted_mlm_ara_seed1_job6786400,113.85527280966441,0.977991217908371,4.159109302163124,22.458089999999984,trace_json,"for i in {6..10}; do echo ""=== Round $i ==="" && cp solution/basic_model.pt solution/basic_model_ft$i.pt && cd solution &"
ARA-4.5,claude-sonnet-4-5,parent,restricted_mlm_ara_seed1_job6786400,115.11623795032502,0.9730470293112925,4.145994611740113,22.487430599999986,trace_json,cp solution/basic_model_ft8.pt solution/basic_model.pt && bash score.sh 2>&1 | tail -1 | tee score_ft8.json
ARA-4.5,claude-sonnet-4-5,parent,restricted_mlm_ara_seed1_job6786400,130.2196523308754,0.99458890142621,4.2036126614809035,23.2101138,trace_json,cp solution/basic_model_ft9.pt solution/basic_model.pt && bash score.sh 2>&1 | tail -1 | tee score_ft9.json
ARA-4.5,claude-sonnet-4-5,parent,restricted_mlm_ara_seed1_job6786400,147.7587574005127,0.9424534443700716,4.066269901394844,25.43064869999999,tmp_subagent,bcdjuokb7.ou
ARA-4.5,claude-sonnet-4-5,parent,restricted_mlm_ara_seed1_job6786400,149.65062974294025,0.9781076067569662,4.159418810844421,25.94800589999998,trace_json,cp solution/basic_model_best.pt solution/basic_model.pt && bash score.sh 2>&1 | tail -1
ARA-4.5,claude-sonnet-4-5,parent,restricted_mlm_ara_seed1_job6786400,154.69295070171356,1.0031717643548785,4.226917265415191,26.220135899999978,tmp_subagent,bd3tgsr4p.ou
ARA-4.5,claude-sonnet-4-5,parent,restricted_mlm_ara_seed1_job6786400,155.76639394362766,0.9585714530575857,4.107968206048012,26.367248399999976,trace_json,cp solution/basic_model_ft10.pt solution/basic_model.pt && bash score.sh 2>&1 | tail -1 | tee score_best_ft10.json
ARA-4.5,claude-sonnet-4-5,parent,restricted_mlm_ara_seed1_job6786400,156.76419938405354,27.753874532744156,1130718664458.24,26.456814599999973,trace_json,cp solution/basic_model_deep.pt solution/basic_model.pt && cp solution/model_deep.py solution/model.py && bash score.sh 
ARA-4.5,claude-sonnet-4-5,parent,restricted_mlm_ara_seed1_job6786400,165.6778753678004,0.9483284246356986,4.081391061186791,27.244833449999973,trace_json,bash score.sh 2>&1 | tail -1 | tee score_ft11.json
ARA-4.5,claude-sonnet-4-5,parent,restricted_mlm_ara_seed1_job6786400,174.45707147916158,0.9332637790567326,4.042794769406319,27.33165914999997,trace_json,cp solution/basic_model.pt solution/basic_model_ft11.pt && cd solution && python finetune.py 2>&1 | tail -3 && cd .. && 
ARA-4.5,claude-sonnet-4-5,parent,restricted_mlm_ara_seed1_job6786400,183.24045666456223,0.9188718724741388,4.006461186528206,28.38915464999997,trace_json,cp solution/basic_model.pt solution/basic_model_ft12.pt && cd solution && python finetune.py 2>&1 | tail -3 && cd .. && 
ARA-4.5,claude-sonnet-4-5,parent,restricted_mlm_ara_seed1_job6786400,192.20763228734333,0.9045536603438703,3.970828848004341,29.450328899999974,trace_json,cp solution/basic_model.pt solution/basic_model_ft13.pt && cd solution && python finetune.py 2>&1 | tail -3 && cd .. && 
ARA-4.5,claude-sonnet-4-5,parent,restricted_mlm_ara_seed1_job6786400,200.99646505912145,0.8929215496133031,3.942254405975342,30.514810649999973,trace_json,cp solution/basic_model.pt solution/basic_model_ft14.pt && cd solution && python finetune.py 2>&1 | tail -3 && cd .. && 
ARA-4.5,claude-sonnet-4-5,parent,restricted_mlm_ara_seed1_job6786400,209.8029651761055,0.8823275525886826,3.916517737865448,31.582937399999977,trace_json,cp solution/basic_model.pt solution/basic_model_ft15.pt && cd solution && python finetune.py 2>&1 | tail -3 && cd .. && 
ARA-4.5,claude-sonnet-4-5,parent,restricted_mlm_ara_seed1_job6786400,218.60967086156208,0.8755499244256802,3.9001948568820954,32.65559789999998,trace_json,cp solution/basic_model.pt solution/basic_model_ft16.pt && cd solution && python finetune.py 2>&1 | tail -3 && cd .. && 
ARA-4.5,claude-sonnet-4-5,parent,restricted_mlm_ara_seed1_job6786400,227.35767926772436,0.8673055859165341,3.8804881838560106,33.73189214999998,trace_json,cp solution/basic_model.pt solution/basic_model_ft17.pt && cd solution && python finetune.py 2>&1 | tail -3 && cd .. && 
ARA-4.5,claude-sonnet-4-5,parent,restricted_mlm_ara_seed1_job6786400,236.11102690696717,0.8607553116862907,3.8649462908506393,34.81169639999998,trace_json,cp solution/basic_model.pt solution/basic_model_ft18.pt && cd solution && python finetune.py 2>&1 | tail -3 && cd .. && 
ARA-4.5,claude-sonnet-4-5,parent,restricted_mlm_ara_seed1_job6786400,244.89320083856583,0.8521217167406163,3.8446161897182463,35.89504439999999,trace_json,cp solution/basic_model.pt solution/basic_model_ft19.pt && cd solution && python finetune.py 2>&1 | tail -3 && cd .. && 
ARA-4.5,claude-sonnet-4-5,parent,restricted_mlm_ara_seed1_job6786400,253.673311261336,0.8401436027841627,3.816699637413025,36.98192489999999,trace_json,cp solution/basic_model.pt solution/basic_model_ft20.pt && cd solution && python finetune.py 2>&1 | tail -3 && cd .. && 
ARA-4.5,claude-sonnet-4-5,parent,restricted_mlm_ara_seed1_job6786400,262.4685632864634,0.8342863004387554,3.80316969037056,38.07351914999998,trace_json,cp solution/basic_model.pt solution/basic_model_ft21.pt && cd solution && python finetune.py 2>&1 | tail -3 && cd .. && 
ARA-4.5,claude-sonnet-4-5,parent,restricted_mlm_ara_seed1_job6786400,271.2913621306419,0.8268555961622105,3.786118945479393,39.170288399999976,trace_json,cp solution/basic_model.pt solution/basic_model_ft22.pt && cd solution && python finetune.py 2>&1 | tail -3 && cd .. && 
ARA-4.5,claude-sonnet-4-5,parent,restricted_mlm_ara_seed1_job6786400,280.09380288124083,0.818151431905775,3.766306540966034,40.27064639999997,trace_json,cp solution/basic_model.pt solution/basic_model_ft23.pt && cd solution && python finetune.py 2>&1 | tail -3 && cd .. && 
ARA-4.5,claude-sonnet-4-5,parent,restricted_mlm_ara_seed1_job6786400,288.8289005160332,0.8066497205888193,3.7403894684314727,41.37448064999997,trace_json,cp solution/basic_model.pt solution/basic_model_ft24.pt && cd solution && python finetune.py 2>&1 | tail -3 && cd .. && 
ARA-4.5,claude-sonnet-4-5,parent,restricted_mlm_ara_seed1_job6786400,297.5565247297287,0.8017816149557292,3.7295095196962356,42.481836149999964,trace_json,cp solution/basic_model.pt solution/basic_model_ft25.pt && cd solution && python finetune.py 2>&1 | tail -3 && cd .. && 
ARA-4.5,claude-sonnet-4-5,parent,restricted_mlm_ara_seed1_job6786400,306.3134446779887,0.7958207691318291,3.716259287714958,43.59386039999996,trace_json,cp solution/basic_model.pt solution/basic_model_ft26.pt && cd solution && python finetune.py 2>&1 | tail -3 && cd .. && 
ARA-4.5,claude-sonnet-4-5,parent,restricted_mlm_ara_seed1_job6786400,315.09481553236645,0.7860377448662217,3.6946832807064056,44.709394649999965,trace_json,cp solution/basic_model.pt solution/basic_model_ft27.pt && cd solution && python finetune.py 2>&1 | tail -3 && cd .. && 
ARA-4.5,claude-sonnet-4-5,parent,restricted_mlm_ara_seed1_job6786400,323.8252690792084,0.777242184605116,3.6754644557237626,45.82842764999996,trace_json,cp solution/basic_model.pt solution/basic_model_ft28.pt && cd solution && python finetune.py 2>&1 | tail -3 && cd .. && 
ARA-4.5,claude-sonnet-4-5,parent,restricted_mlm_ara_seed1_job6786400,332.5918318192164,0.7776863800523572,3.6764310017824173,46.95093689999996,trace_json,cp solution/basic_model.pt solution/basic_model_ft29.pt && cd solution && python finetune.py 2>&1 | tail -3 && cd .. && 
ARA-4.5,claude-sonnet-4-5,parent,restricted_mlm_ara_seed1_job6786400,341.3580680251122,0.765333865710087,3.6497119699716567,48.07694489999995,trace_json,cp solution/basic_model.pt solution/basic_model_ft30.pt && cd solution && python finetune.py 2>&1 | tail -3 && cd .. && 
ARA-4.5,claude-sonnet-4-5,parent,restricted_mlm_ara_seed1_job6786400,350.10927942593895,0.7629362395268792,3.6445639382600783,49.20786914999996,trace_json,cp solution/basic_model.pt solution/basic_model_ft31.pt && cd solution && python finetune.py 2>&1 | tail -3 && cd .. && 
ARA-4.5,claude-sonnet-4-5,parent,restricted_mlm_ara_seed1_job6786400,358.8498199065526,0.7451700889311859,3.606799747824669,50.24264504999996,trace_json,cp solution/basic_model.pt solution/basic_model_ft32.pt && cd solution && python finetune.py 2>&1 | tail -3 && cd .. && 
ARA-4.5,claude-sonnet-4-5,parent,restricted_mlm_ara_seed1_job6786400,367.65019135077796,0.7490426587132232,3.614974294900894,51.28091969999995,trace_json,cp solution/basic_model.pt solution/basic_model_ft33.pt && cd solution && python finetune.py 2>&1 | tail -3 && cd .. && 
ARA-4.5,claude-sonnet-4-5,parent,restricted_mlm_ara_seed1_job6786400,376.4365140636762,0.7538230928072552,3.625108994960785,52.32268184999994,trace_json,cp solution/basic_model_ft33.pt solution/basic_model.pt && cd solution && python finetune.py 2>&1 | tail -3 && cd .. && 
ARA-4.5,claude-sonnet-4-5,parent,restricted_mlm_ara_seed1_job6786400,377.36352953116096,0.7654321652123349,3.6499232959747316,53.36801024999994,trace_json,cp solution/basic_model_ft33.pt solution/basic_model.pt && bash score.sh 2>&1 | tail -1
ARA-4.5,claude-sonnet-4-5,parent,restricted_mlm_ara_seed1_job6786400,382.6825776497523,0.7738924948622244,3.6681895159482956,53.529768749999945,tmp_subagent,br3c4h4lm.ou
ARA-4.5,claude-sonnet-4-5,parent,restricted_mlm_ara_seed1_job6786400,389.6585804422696,0.7632617087089593,3.6452620413303376,54.23824934999995,trace_json,for i in {36..40}; do cp solution/basic_model.pt solution/basic_model_ft$((i-1)).pt && cd solution && python finetune.py
ARA-4.5,claude-sonnet-4-5,parent,restricted_mlm_ara_seed1_job6786400,389.6585804422696,0.7661798521289792,3.6515313665866853,54.23824934999995,trace_json,for i in {36..40}; do cp solution/basic_model.pt solution/basic_model_ft$((i-1)).pt && cd solution && python finetune.py
ARA-4.5,claude-sonnet-4-5,parent,restricted_mlm_ara_seed1_job6786400,389.6585804422696,0.765089204122513,3.6491860823631286,54.23824934999995,trace_json,for i in {36..40}; do cp solution/basic_model.pt solution/basic_model_ft$((i-1)).pt && cd solution && python finetune.py
ARA-4.5,claude-sonnet-4-5,parent,restricted_mlm_ara_seed1_job6786400,389.6585804422696,0.771565165279704,3.663149291753769,54.23824934999995,trace_json,for i in {36..40}; do cp solution/basic_model.pt solution/basic_model_ft$((i-1)).pt && cd solution && python finetune.py
ARA-4.5,claude-sonnet-4-5,parent,restricted_mlm_ara_seed1_job6786400,389.6585804422696,0.7738924948622244,3.6681895159482956,54.23824934999995,trace_json,for i in {36..40}; do cp solution/basic_model.pt solution/basic_model_ft$((i-1)).pt && cd solution && python finetune.py
ARA-4.5,claude-sonnet-4-5,parent,restricted_mlm_ara_seed1_job6786400,400.79063758452736,0.7605720500070412,3.6394997713565824,55.40169524999995,trace_json,for i in {41..50}; do cp solution/basic_model.pt solution/basic_model_ft$i.pt && cd solution && python finetune.py 2>&1 
ARA-4.5,claude-sonnet-4-5,parent,restricted_mlm_ara_seed1_job6786400,402.1765022158623,0.7605720500070412,3.6394997713565824,55.85308349999996,tmp_subagent,blh57ld1s.ou
ARA-4.5,claude-sonnet-4-5,parent,restricted_mlm_ara_seed1_job6786400,403.01055135726926,0.765148277308588,3.6493130453825,55.85308349999996,trace_json,sleep 5 && bash score.sh 2>&1 | tail -1
ARA-4.5,claude-sonnet-4-5,parent,restricted_mlm_ara_seed1_job6786400,411.7662487188975,0.7543153778310514,3.626155411839485,55.957438049999965,trace_json,cd solution && python finetune.py 2>&1 | tail -1 && cd .. && bash score.sh 2>&1 | tail -1 | tee score_ft_cont1.json
ARA-4.5,claude-sonnet-4-5,parent,restricted_mlm_ara_seed1_job6786400,422.2890262166659,0.7389030163961667,3.593637568235397,58.138856399999966,trace_json,for i in {2..10}; do cd solution && python finetune.py 2>&1 | tail -1 && cd .. && bash score.sh 2>&1 | tail -1 | tee sco
ARA-4.5,claude-sonnet-4-5,parent,restricted_mlm_ara_seed1_job6786400,441.1487933158875,0.7331944578546663,3.581719964146614,59.24680079999995,tmp_subagent,bt4ylkhxn.ou
ARA-4.5,claude-sonnet-4-5,parent,restricted_mlm_ara_seed1_job6786400,442.7792240063349,0.7331944578546663,3.581719964146614,60.04760639999996,trace_json,for i in {11..20}; do cd solution && python finetune.py 2>&1 | tail -1 && cd .. && bash score.sh 2>&1 | tail -1 | tee sc
ARA-4.5,claude-sonnet-4-5,parent,restricted_mlm_ara_seed1_job6786400,453.26637135744096,0.7389030163961667,3.593637568235397,61.21592594999996,trace_json,for i in {2..10}; do cd solution && python finetune_ultralow.py 2>&1 | tail -1 && cd .. && bash score.sh 2>&1 | tail -1 
ARA-4.5,claude-sonnet-4-5,parent,restricted_mlm_ara_seed1_job6786400,453.26637135744096,0.7466906267555414,3.6100056532621383,61.21592594999996,trace_json,for i in {2..10}; do cd solution && python finetune_ultralow.py 2>&1 | tail -1 && cd .. && bash score.sh 2>&1 | tail -1 
ARA-4.5,claude-sonnet-4-5,parent,restricted_mlm_ara_seed1_job6786400,455.427940984567,0.7549107550626183,3.6274216532707215,61.80721964999997,trace_json,bash score.sh 2>&1 | tail -1
ARA-4.5,claude-sonnet-4-5,parent,restricted_mlm_ara_seed1_job6786400,466.92232548395793,0.76106436880289,3.640553346633911,63.14942489999996,tmp_subagent,bf7kjp8i2.ou
ARA-4.5,claude-sonnet-4-5,parent,restricted_mlm_ara_seed1_job6786400,466.923926683267,0.742077119773318,3.6002935481071474,63.14942489999996,tmp_subagent,bv96r520o.ou
ARA-4.5,claude-sonnet-4-5,parent,restricted_mlm_ara_seed1_job6786400,466.931982199351,0.7522895612896777,3.6218525708913805,63.14942489999996,tmp_subagent,bbm632sax.ou
ARA-4.5,claude-sonnet-4-5,parent,restricted_mlm_ara_seed1_job6786400,466.9554247657458,0.7514996705273848,3.6201772009134294,63.14942489999996,tmp_subagent,brtd2j9vj.ou
ARA-4.5,claude-sonnet-4-5,parent,restricted_mlm_ara_seed1_job6786400,467.7453167319298,0.7379761340075398,3.5916979115009307,63.14942489999996,trace_json,sleep 3 && bash score.sh 2>&1 | tail -1
ARA-4.5,claude-sonnet-4-5,parent,restricted_mlm_ara_seed1_job6786400,476.74847103357314,0.7294847793597844,3.574011758685112,63.267907199999954,tmp_subagent,bjvo4g5bn.ou
ARA-4.5,claude-sonnet-4-5,parent,restricted_mlm_ara_seed1_job6786400,480.3691641489665,0.9424534443700716,4.066269901394844,64.13673029999995,tmp_subagent,b0vfgjpy3.ou
ARA-4.6,claude-sonnet-4-6,parent,restricted_mlm_ara_seed0_job7079165,0.0,1.8464253515518945,0,0.0,baseline_json,harness pre-agent baseline
ARA-4.6,claude-sonnet-4-6,parent,restricted_mlm_ara_seed0_job7079165,1.122050420443217,1.844177063392467,7.822894307613373,0.47412809999999994,persisted,ba562a4kd.txt
ARA-4.6,claude-sonnet-4-6,parent,restricted_mlm_ara_seed0_job7079165,1.3752196947733561,1.8420807683426696,7.809653538703919,0.5146543499999999,persisted,bvip05w6g.txt
ARA-4.6,claude-sonnet-4-6,parent,restricted_mlm_ara_seed0_job7079165,1.454754348595937,1.844177063392467,7.822894307613373,0.5539174499999999,tmp_subagent,ba562a4kd.ou
ARA-4.6,claude-sonnet-4-6,parent,restricted_mlm_ara_seed0_job7079165,1.5824825326601664,1.8419,7.8086,0.5539174499999999,trace_short,"python local_score.py 2>/dev/null | python -c ""import sys,json; d=json.load(sys.stdin); print(f\"
ARA-4.6,claude-sonnet-4-6,parent,restricted_mlm_ara_seed0_job7079165,1.7080933014551798,1.8420807683426696,7.809653538703919,0.5539174499999999,tmp_subagent,bvip05w6g.ou
ARA-4.6,claude-sonnet-4-6,parent,restricted_mlm_ara_seed0_job7079165,10.212403150399526,1.4872,5.9247,1.2743059500000002,trace_short,"python local_score.py 2>/dev/null | python -c ""import sys,json; d=json.load(sys.stdin); print(f\"
ARA-4.6,claude-sonnet-4-6,parent,restricted_mlm_ara_seed0_job7079165,21.896378656228382,5.9023,367.3755,2.0445673500000003,trace_short,"python local_score.py 2>/dev/null | python -c ""import sys,json; d=json.load(sys.stdin); print(f\"
ARA-4.6,claude-sonnet-4-6,parent,restricted_mlm_ara_seed0_job7079165,114.6647600332896,7.353026865914618,1562.414062133789,13.50318105,persisted,bkd1t2ncp.txt
ARA-4.6,claude-sonnet-4-6,parent,restricted_mlm_ara_seed0_job7079165,114.99730674823125,7.353026865914618,1562.414062133789,13.50318105,tmp_subagent,bkd1t2ncp.ou
ARA-4.6,claude-sonnet-4-6,parent,restricted_mlm_ara_seed0_job7079165,129.62441062529882,1.03063780876724,4.302852948904038,15.0201297,persisted,bbjuzhcdy.txt
ARA-4.6,claude-sonnet-4-6,parent,restricted_mlm_ara_seed0_job7079165,129.74129629532496,1.03063780876724,4.302852948904038,15.064152150000002,trace_json,bash score.sh 2>&1
ARA-4.6,claude-sonnet-4-6,parent,restricted_mlm_ara_seed0_job7079165,129.95660251776377,1.03063780876724,4.302852948904038,15.064152150000002,tmp_subagent,bbjuzhcdy.ou
ARA-4.6,claude-sonnet-4-6,parent,restricted_mlm_ara_seed0_job7079165,165.63585534890493,1.8235670717631516,7.693913223981857,22.734009750000013,persisted,bl28qduv6.txt
ARA-4.6,claude-sonnet-4-6,parent,restricted_mlm_ara_seed0_job7079165,165.96956690152487,1.8235670717631516,7.693913223981857,22.810150950000008,tmp_subagent,bl28qduv6.ou
ARA-4.6,claude-sonnet-4-6,parent,restricted_mlm_ara_seed0_job7079165,166.16800684928893,1.8235670717631516,7.693913223981857,22.810150950000008,tmp_subagent,bgqrnzo2l.ou
ARA-4.6,claude-sonnet-4-6,parent,restricted_mlm_ara_seed0_job7079165,166.25568413337072,1.8235670717631516,7.693913223981857,22.849443750000006,tmp_subagent,bw28uarzv.ou
ARA-4.6,claude-sonnet-4-6,parent,restricted_mlm_ara_seed0_job7079165,167.314242152373,1.8226850994168282,7.6884527721405025,22.849443750000006,trace_json,"bash score.sh 2>&1 | grep -E ""val_loss|score|\\""loss\\""|final"" | tail -5"
ARA-4.6,claude-sonnet-4-6,parent,restricted_mlm_ara_seed0_job7079165,185.2499237616857,1.028397782538431,4.2965815114974975,23.96404740000001,persisted,blvji3wmm.txt
ARA-4.6,claude-sonnet-4-6,parent,restricted_mlm_ara_seed0_job7079165,185.34124480485917,1.028397782538431,4.2965815114974975,24.090182400000007,trace_json,"bash score.sh 2>&1 | grep -E ""score|loss|compliant"""
ARA-4.6,claude-sonnet-4-6,parent,restricted_mlm_ara_seed0_job7079165,185.5836148182551,1.028397782538431,4.2965815114974975,24.090182400000007,tmp_subagent,blvji3wmm.ou
ARA-4.6,claude-sonnet-4-6,parent,restricted_mlm_ara_seed0_job7079165,275.5121362527212,2.541741751352256,14.201775049209594,36.93584565000002,persisted,b8g6f67hz.txt
ARA-4.6,claude-sonnet-4-6,parent,restricted_mlm_ara_seed0_job7079165,275.84472918510437,2.541741751352256,14.201775049209594,36.93584565000002,tmp_subagent,b8g6f67hz.ou
ARA-4.6,claude-sonnet-4-6,parent,restricted_mlm_ara_seed0_job7079165,277.7774312257767,1.027648217539021,4.294486077308655,37.027290300000026,persisted,bkjssk7eg.txt
ARA-4.6,claude-sonnet-4-6,parent,restricted_mlm_ara_seed0_job7079165,278.1112363497416,1.027648217539021,4.294486077308655,37.07730675000003,tmp_subagent,bkjssk7eg.ou
ARA-4.6,claude-sonnet-4-6,parent,restricted_mlm_ara_seed0_job7079165,278.1744145512581,1.027648217539021,4.294486077308655,37.07730675000003,tmp_subagent,b9c77tzxj.ou
ARA-4.6,claude-sonnet-4-6,parent,restricted_mlm_ara_seed0_job7079165,278.9963595668475,1.0289862294396808,4.2982276355028155,37.07730675000003,persisted,bjhidfqd1.txt
ARA-4.6,claude-sonnet-4-6,parent,restricted_mlm_ara_seed0_job7079165,279.3289386153221,1.0289862294396808,4.2982276355028155,37.15315860000003,tmp_subagent,bjhidfqd1.ou
ARA-4.6,claude-sonnet-4-6,parent,restricted_mlm_ara_seed0_job7079165,279.3826497157415,1.0289862294396808,4.2982276355028155,37.15315860000003,tmp_subagent,beinbrfsz.ou
ARA-4.6,claude-sonnet-4-6,resume,restricted_mlm_ara_seed0_resume_job8011216,331.5835588971774,1.016091828754432,4.262377794981003,43.64284027561537,persisted(resume),bmei49qou.txt
ARA-4.6,claude-sonnet-4-6,resume,restricted_mlm_ara_seed0_resume_job8011216,331.69087967077894,1.016091828754432,4.262377794981003,43.678078359712636,trace_json(resume),cp solution/basic_model_ft2.pt solution/basic_model.pt && bash score.sh 2>&1 | tail -3
ARA-4.6,claude-sonnet-4-6,resume,restricted_mlm_ara_seed0_resume_job8011216,450.8846795797348,1.2349496085748723,4.938205260276795,51.824862775011034,persisted(resume),bhxs5vjz6.txt
ARA-4.6,claude-sonnet-4-6,resume,restricted_mlm_ara_seed0_resume_job8011216,452.200200410684,1.2345497210411505,4.936830639719963,51.86629299922795,persisted(resume),bktuw95y2.txt
ARA-4.6,claude-sonnet-4-6,resume,restricted_mlm_ara_seed0_resume_job8011216,452.2714404463768,1.2345497210411505,4.936830639719963,51.88741639056718,trace_json(resume),python local_score.py 2>&1 | tail -5
ARA-4.6,claude-sonnet-4-6,resume,restricted_mlm_ara_seed0_resume_job8011216,474.57791961828866,5.7946268855299685,330.02958197021485,53.06860551909919,trace_json(resume),cp solution/basic_model_k13.pt solution/basic_model.pt && python local_score.py 2>&1 | grep -E \
ARA-4.6,claude-sonnet-4-6,resume,restricted_mlm_ara_seed0_resume_job8011216,504.38724180857344,2.3746741768795983,12.24751082801819,55.54820913247655,trace_json(resume),cp solution/basic_model_k13.pt solution/basic_model.pt && python local_score.py 2>&1 | grep -E \
ARA-4.6,claude-sonnet-4-6,resume,restricted_mlm_ara_seed0_resume_job8011216,528.7901569008827,2.375217632842859,12.253353214263916,57.44707324211785,trace_json(resume),cp solution/basic_model_k13.pt solution/basic_model.pt && python local_score.py 2>&1 | grep -E \
ARA-4.6,claude-sonnet-4-6,resume,restricted_mlm_ara_seed0_resume_job8011216,532.4655099590619,1.0227155719947192,4.280735808491706,57.69199161525609,trace_json(resume),cp solution/basic_model_k13.pt solution/basic_model.pt && python local_score.py 2>&1 | grep -E \
ARA-4.6,claude-sonnet-4-6,resume,restricted_mlm_ara_seed0_resume_job8011216,548.2320884625117,2.4153310223881035,12.693475035190582,59.513004136530924,persisted(resume),bm8xvg9mn.txt
ARA-4.6,claude-sonnet-4-6,resume,restricted_mlm_ara_seed0_resume_job8011216,579.0460577726365,18.043597965434465,68585931.213,61.46565056027711,persisted(resume),bjafzlyyz.txt
ARA-4.6,claude-sonnet-4-6,resume,restricted_mlm_ara_seed0_resume_job8011216,607.0406228502591,4.0665190493142465,59.8534830493927,63.99129610559791,persisted(resume),bktd1ytcl.txt
ARA-4.6,claude-sonnet-4-6,resume,restricted_mlm_ara_seed0_resume_job8011216,624.6616436759631,1.8343845891467272,7.761279700040817,65.9575046038202,persisted(resume),b2sjrd8n3.txt
ARA-4.6,claude-sonnet-4-6,resume,restricted_mlm_ara_seed0_resume_job8011216,625.6556543707848,1.8271677937722282,7.716255984544754,65.97768329632834,trace_json(resume),"python local_score.py 2>&1 | grep -E ""val_loss|score|Loss"" | tail -5"
ARA-4.6,claude-sonnet-4-6,resume,restricted_mlm_ara_seed0_resume_job8011216,627.7875572482744,1.0158528026311475,4.261717593431473,66.02933235274625,trace_json(resume),"python local_score.py 2>&1 | grep -E ""val_loss|score|Loss|\\{"" | tail -3"
ARA-4.6,claude-sonnet-4-6,resume,restricted_mlm_ara_seed0_resume_job8011216,717.0281335075697,18.158208699190787,76914788.078,71.36754629176907,persisted(resume),b42bak08k.txt
ARA-4.6,claude-sonnet-4-6,resume,restricted_mlm_ara_seed0_resume_job8011216,719.0531604409218,18.14502187435715,75907184.408,71.49079507349903,trace_json(resume),"cp solution/basic_model_norm_attn.pt solution/basic_model.pt && bash score.sh 2>&1 | grep -E ""val_loss|score|loss="" | ta"
ARA-4.6,claude-sonnet-4-6,resume,restricted_mlm_ara_seed0_resume_job8011216,724.8405891776085,1.0120136684962824,4.251135315537453,71.78017411813994,trace_json(resume),cp solution/basic_model_ft4.pt solution/basic_model.pt && bash score.sh 2>&1 | grep -E \
ARA-4.6,claude-sonnet-4-6,resume,restricted_mlm_ara_seed0_resume_job8011216,726.8988846818606,1.0152613894277454,4.260084760069847,71.83417037904925,trace_json(resume),cp solution/basic_model_ft5.pt solution/basic_model.pt && bash score.sh 2>&1 | grep -E \
ARA-4.6,claude-sonnet-4-6,resume,restricted_mlm_ara_seed0_resume_job8011216,729.7228560288747,1.1200793889333605,4.565097528457642,72.01910063517717,trace_json(resume),cp solution/basic_model_ft3.pt solution/basic_model.pt && bash score.sh 2>&1 | grep -E \
ARA-4.6,claude-sonnet-4-6,resume,restricted_mlm_ara_seed0_resume_job8011216,731.5159058849017,1.016138765911155,4.2625074561834335,72.05754647225731,trace_json(resume),cp solution/basic_model_ft4.pt solution/basic_model.pt && bash score.sh 2>&1 | grep -E \
ARA-4.6,claude-sonnet-4-6,resume,restricted_mlm_ara_seed0_resume_job8011216,733.1163289507231,1.013430833158418,4.255036891222,72.13150458070368,trace_json(resume),bash score.sh 2>&1 | grep \
ARA-4.6,claude-sonnet-4-6,resume,restricted_mlm_ara_seed0_resume_job8011216,734.3383099079133,1.0173827105267748,4.265946000695228,72.17132311372971,trace_json(resume),bash score.sh 2>&1 | grep \
ARA-4.6,claude-sonnet-4-6,resume,restricted_mlm_ara_seed0_resume_job8011216,738.2841734091442,1.01642778532573,4.263305989861489,72.33214331425066,trace_json(resume),cp solution/basic_model_ft4_micro.pt solution/basic_model.pt && bash score.sh 2>&1 | grep \
ARA-4.6,claude-sonnet-4-6,resume,restricted_mlm_ara_seed0_resume_job8011216,740.3213118314743,1.0168174528678056,4.2643829703330995,72.42766109162727,trace_json(resume),bash score.sh 2>&1 | grep \
ARA-4.6,claude-sonnet-4-6,resume,restricted_mlm_ara_seed0_resume_job8011216,740.3709062337875,1.0195532668346097,4.271956162571907,72.44674200000011,final_json(resume),harness post-agent final
paper-4.5,claude-sonnet-4-5,parent,restricted_mlm_paper_seed1_job6858168,0.0,1.8427090414912455,0,0.0,baseline_json,harness pre-agent baseline
paper-4.5,claude-sonnet-4-5,parent,restricted_mlm_paper_seed1_job6858168,0.5382616917292277,1.8435862699494827,7.819159886360168,0.07128520032903471,persisted,blopzmxo3.txt
paper-4.5,claude-sonnet-4-5,parent,restricted_mlm_paper_seed1_job6858168,0.7804006894429525,1.8435862699494827,7.819159886360168,0.09404113274000435,trace_json,bash score.sh
paper-4.5,claude-sonnet-4-5,parent,restricted_mlm_paper_seed1_job6858168,0.8555463155110677,1.8435862699494827,7.819159886360168,0.09777441639330411,tmp_subagent,blopzmxo3.ou
paper-4.5,claude-sonnet-4-5,parent,restricted_mlm_paper_seed1_job6858168,19.38506354490916,5.984386523638532,398.6787866973877,0.9713701507851943,persisted,bnjrihbh5.txt
paper-4.5,claude-sonnet-4-5,parent,restricted_mlm_paper_seed1_job6858168,19.539834944407144,5.984386523638532,398.6787866973877,0.9963330470571586,trace_json,cd .. && bash score.sh
paper-4.5,claude-sonnet-4-5,parent,restricted_mlm_paper_seed1_job6858168,19.70234201749166,5.984386523638532,398.6787866973877,1.0276658678548887,tmp_subagent,bnjrihbh5.ou
paper-4.5,claude-sonnet-4-5,parent,restricted_mlm_paper_seed1_job6858168,47.81131938298543,6.168255288170958,478.85253651428224,3.8747699000589884,persisted,b5l209g6c.txt
paper-4.5,claude-sonnet-4-5,parent,restricted_mlm_paper_seed1_job6858168,47.964866483211516,6.168255288170958,478.85253651428224,3.9142300094916833,trace_json,cd .. && bash score.sh
paper-4.5,claude-sonnet-4-5,parent,restricted_mlm_paper_seed1_job6858168,48.12533443371455,6.168255288170958,478.85253651428224,3.9677542354988073,tmp_subagent,b5l209g6c.ou
paper-4.5,claude-sonnet-4-5,parent,restricted_mlm_paper_seed1_job6858168,59.96500242551168,5.233048160515825,188.86304662323,4.594484692682373,persisted,bb41dhlyp.txt
paper-4.5,claude-sonnet-4-5,parent,restricted_mlm_paper_seed1_job6858168,60.12130241791407,5.233048160515825,188.86304662323,4.63779866295048,trace_json,cd .. && bash score.sh
paper-4.5,claude-sonnet-4-5,parent,restricted_mlm_paper_seed1_job6858168,60.28221846818924,5.233048160515825,188.86304662323,4.677573819299198,tmp_subagent,bb41dhlyp.ou
paper-4.5,claude-sonnet-4-5,parent,restricted_mlm_paper_seed1_job6858168,61.967585754394534,5.2277506694845055,187.87311695098876,4.862190791718701,persisted,btzsatern.txt
paper-4.5,claude-sonnet-4-5,parent,restricted_mlm_paper_seed1_job6858168,62.11903539498647,5.2277506694845055,187.87311695098876,4.906567506373658,trace_json,bash score.sh
paper-4.5,claude-sonnet-4-5,parent,restricted_mlm_paper_seed1_job6858168,62.28480626742045,5.2277506694845055,187.87311695098876,4.947099875531865,tmp_subagent,btzsatern.ou
paper-4.5,claude-sonnet-4-5,parent,restricted_mlm_paper_seed1_job6858168,63.29176181952159,1.473971504823348,5.8665424947738645,5.031846157847604,persisted,b9qbdea7m.txt
paper-4.5,claude-sonnet-4-5,parent,restricted_mlm_paper_seed1_job6858168,63.4324396332105,1.473971504823348,5.8665424947738645,5.077072413832506,trace_json,bash score.sh
paper-4.5,claude-sonnet-4-5,parent,restricted_mlm_paper_seed1_job6858168,63.60736020008723,1.473971504823348,5.8665424947738645,5.118512457092799,tmp_subagent,b9qbdea7m.ou
paper-4.5,claude-sonnet-4-5,parent,restricted_mlm_paper_seed1_job6858168,67.17317036390304,1.4551728611644996,5.785224150419236,5.320853754912646,persisted,bdvpqhnpp.txt
paper-4.5,claude-sonnet-4-5,parent,restricted_mlm_paper_seed1_job6858168,67.32560329437256,1.4551728611644996,5.785224150419236,5.368247723986562,trace_json,cd .. && bash score.sh
paper-4.5,claude-sonnet-4-5,parent,restricted_mlm_paper_seed1_job6858168,67.49031618436177,1.4551728611644996,5.785224150419236,5.433578626809059,tmp_subagent,bdvpqhnpp.ou
paper-4.5,claude-sonnet-4-5,parent,restricted_mlm_paper_seed1_job6858168,71.55673582553864,1.4431484283230038,5.734005316257477,5.5249206742666255,persisted,bnxy9phnz.txt
paper-4.5,claude-sonnet-4-5,parent,restricted_mlm_paper_seed1_job6858168,71.7073940316836,1.4431484283230038,5.734005316257477,5.572982798527237,trace_json,cd .. && bash score.sh
paper-4.5,claude-sonnet-4-5,parent,restricted_mlm_paper_seed1_job6858168,71.87394040028254,1.4431484283230038,5.734005316257477,5.639214461963572,tmp_subagent,bnxy9phnz.ou
paper-4.5,claude-sonnet-4-5,parent,restricted_mlm_paper_seed1_job6858168,75.53380773862203,1.4471043341273395,5.750787815570831,5.975876361821246,persisted,bkub4y2tt.txt
paper-4.5,claude-sonnet-4-5,parent,restricted_mlm_paper_seed1_job6858168,75.67905595302582,1.4471043341273395,5.750787815570831,6.025294570518406,trace_json,ls -lh solution/basic_model.pt && bash score.sh
paper-4.5,claude-sonnet-4-5,parent,restricted_mlm_paper_seed1_job6858168,75.85085116624832,1.4471043341273395,5.750787815570831,6.025294570518406,tmp_subagent,bkub4y2tt.ou
paper-4.5,claude-sonnet-4-5,parent,restricted_mlm_paper_seed1_job6858168,81.9541485508283,1.4499896444562124,5.763070368528366,6.242442106989762,persisted,bp1561z8x.txt
paper-4.5,claude-sonnet-4-5,parent,restricted_mlm_paper_seed1_job6858168,82.10436878999074,1.4499896444562124,5.763070368528366,6.293500819543175,trace_json,cd .. && bash score.sh
paper-4.5,claude-sonnet-4-5,parent,restricted_mlm_paper_seed1_job6858168,82.27122261524201,1.4499896444562124,5.763070368528366,6.340688127355518,tmp_subagent,bp1561z8x.ou
paper-4.5,claude-sonnet-4-5,parent,restricted_mlm_paper_seed1_job6858168,86.55257244507472,1.4459399027306876,5.745840945482254,6.464583263455675,persisted,bjakzpur1.txt
paper-4.5,claude-sonnet-4-5,parent,restricted_mlm_paper_seed1_job6858168,86.68616083860397,1.4459399027306876,5.745840945482254,6.51676671877441,trace_json,cd solution && python train_best.py && cd .. && bash score.sh
paper-4.5,claude-sonnet-4-5,parent,restricted_mlm_paper_seed1_job6858168,86.86968864997228,1.4459399027306876,5.745840945482254,6.589184170065678,tmp_subagent,bjakzpur1.ou
paper-4.5,claude-sonnet-4-5,parent,restricted_mlm_paper_seed1_job6858168,91.31895610094071,1.4434589548264758,5.735320291280747,6.63837282121761,persisted,b785sv4am.txt
paper-4.5,claude-sonnet-4-5,parent,restricted_mlm_paper_seed1_job6858168,91.45961062113444,1.4434589548264758,5.735320291280747,6.691213726967044,trace_json,cd solution && python train_best.py && cd .. && bash score.sh
paper-4.5,claude-sonnet-4-5,parent,restricted_mlm_paper_seed1_job6858168,91.63581933180491,1.4434589548264758,5.735320291280747,6.715693719801895,tmp_subagent,b785sv4am.ou
paper-4.5,claude-sonnet-4-5,parent,restricted_mlm_paper_seed1_job6858168,95.17555380264918,1.448904028387658,5.758444822072983,7.03698359005057,persisted,bdrohe1v7.txt
paper-4.5,claude-sonnet-4-5,parent,restricted_mlm_paper_seed1_job6858168,95.27080742120742,1.448904028387658,5.758444822072983,7.0922934288285475,trace_json,bash score.sh
paper-4.5,claude-sonnet-4-5,parent,restricted_mlm_paper_seed1_job6858168,95.49251288175583,1.448904028387658,5.758444822072983,7.142379644035237,tmp_subagent,bdrohe1v7.ou
paper-4.5,claude-sonnet-4-5,parent,restricted_mlm_paper_seed1_job6858168,104.00575664838155,1.4499949409048678,5.763092947721481,7.374430728363637,persisted,ba8bhqmex.txt
paper-4.5,claude-sonnet-4-5,parent,restricted_mlm_paper_seed1_job6858168,104.19519234498343,1.4499949409048678,5.763092947721481,7.387526361874839,trace_json,cd .. && bash score.sh
paper-4.5,claude-sonnet-4-5,parent,restricted_mlm_paper_seed1_job6858168,104.32277811765671,1.4499949409048678,5.763092947721481,7.401391697077523,tmp_subagent,ba8bhqmex.ou
paper-4.5,claude-sonnet-4-5,parent,restricted_mlm_paper_seed1_job6858168,124.92802559932073,1.1779609660762316,4.74774518418312,8.16063038163808,persisted,bohtxgxuz.txt
paper-4.5,claude-sonnet-4-5,parent,restricted_mlm_paper_seed1_job6858168,125.08748904863994,1.1779609660762316,4.74774518418312,8.188572619651524,trace_json,cd /n/netscratch/sompolinsky_lab/Everyone/zechenzhang/ara-project/extension-runs/restricted_mlm_paper_seed1_job6858168/w
paper-4.5,claude-sonnet-4-5,parent,restricted_mlm_paper_seed1_job6858168,125.24510445197423,1.1779609660762316,4.74774518418312,8.212692070357372,tmp_subagent,bohtxgxuz.ou
paper-4.5,claude-sonnet-4-5,parent,restricted_mlm_paper_seed1_job6858168,150.182348827521,1.0304680143634604,4.30237708055973,9.404910332290562,persisted,batg1cdsl.txt
paper-4.5,claude-sonnet-4-5,parent,restricted_mlm_paper_seed1_job6858168,150.32748045921326,1.0304680143634604,4.30237708055973,9.438768880794475,trace_json,bash score.sh
paper-4.5,claude-sonnet-4-5,parent,restricted_mlm_paper_seed1_job6858168,150.49935196638108,1.0304680143634604,4.30237708055973,9.468907823944418,tmp_subagent,batg1cdsl.ou
paper-4.5,claude-sonnet-4-5,parent,restricted_mlm_paper_seed1_job6858168,175.1672108133634,6.168255288170958,478.85253651428224,10.739014931238312,trace_json,bash score.sh
paper-4.5,claude-sonnet-4-5,parent,restricted_mlm_paper_seed1_job6858168,175.1672108133634,1.4434589548264758,5.735320291280747,10.739014931238312,trace_json,bash score.sh
paper-4.5,claude-sonnet-4-5,parent,restricted_mlm_paper_seed1_job6858168,175.1672108133634,1.473971504823348,5.8665424947738645,10.739014931238312,trace_json,bash score.sh
paper-4.5,claude-sonnet-4-5,parent,restricted_mlm_paper_seed1_job6858168,175.1672108133634,1.4499949409048678,5.763092947721481,10.739014931238312,trace_json,bash score.sh
paper-4.5,claude-sonnet-4-5,parent,restricted_mlm_paper_seed1_job6858168,175.1672108133634,1.0304680143634604,4.30237708055973,10.739014931238312,trace_json,bash score.sh
paper-4.5,claude-sonnet-4-5,parent,restricted_mlm_paper_seed1_job6858168,175.1672108133634,5.233048160515825,188.86304662323,10.739014931238312,trace_json,bash score.sh
paper-4.5,claude-sonnet-4-5,parent,restricted_mlm_paper_seed1_job6858168,175.1672108133634,1.448904028387658,5.758444822072983,10.739014931238312,trace_json,bash score.sh
paper-4.5,claude-sonnet-4-5,parent,restricted_mlm_paper_seed1_job6858168,175.1672108133634,1.4551728611644996,5.785224150419236,10.739014931238312,trace_json,bash score.sh
paper-4.5,claude-sonnet-4-5,parent,restricted_mlm_paper_seed1_job6858168,175.1672108133634,1.4459399027306876,5.745840945482254,10.739014931238312,trace_json,bash score.sh
paper-4.5,claude-sonnet-4-5,parent,restricted_mlm_paper_seed1_job6858168,175.1672108133634,1.4471043341273395,5.750787815570831,10.739014931238312,trace_json,bash score.sh
paper-4.5,claude-sonnet-4-5,parent,restricted_mlm_paper_seed1_job6858168,175.1672108133634,1.8435862699494827,7.819159886360168,10.739014931238312,trace_json,bash score.sh
paper-4.5,claude-sonnet-4-5,parent,restricted_mlm_paper_seed1_job6858168,191.45853016376495,7.378869522003791,1603.2779691772462,11.839827363209475,trace_json,bash score.sh
paper-4.5,claude-sonnet-4-5,parent,restricted_mlm_paper_seed1_job6858168,191.67977625131607,7.378869522003791,1603.2779691772462,11.898845582215348,tmp_subagent,bgcq2usbe.ou
paper-4.5,claude-sonnet-4-5,parent,restricted_mlm_paper_seed1_job6858168,226.6074106057485,1.0281921489073726,4.296006499409676,14.75813913493882,persisted,baf8ule9g.txt
paper-4.5,claude-sonnet-4-5,parent,restricted_mlm_paper_seed1_job6858168,226.69095310370128,1.0281921489073726,4.296006499409676,14.806403014114505,trace_json,cd /n/netscratch/sompolinsky_lab/Everyone/zechenzhang/ara-project/extension-runs/restricted_mlm_paper_seed1_job6858168/w
paper-4.5,claude-sonnet-4-5,parent,restricted_mlm_paper_seed1_job6858168,226.9282981832822,1.0281921489073726,4.296006499409676,14.872796586985265,tmp_subagent,baf8ule9g.ou
paper-4.5,claude-sonnet-4-5,parent,restricted_mlm_paper_seed1_job6858168,257.04219496647517,1.8435862699494827,7.819159886360168,16.793526497796602,tmp_subagent,b172f0l87.ou
paper-4.5,claude-sonnet-4-5,parent,restricted_mlm_paper_seed1_job6858168,258.7976320028305,1.0262755815046158,4.290652896404266,16.941795396896072,persisted,bqd0bf0qf.txt
paper-4.5,claude-sonnet-4-5,parent,restricted_mlm_paper_seed1_job6858168,258.9401570836703,1.0262755815046158,4.290652896404266,16.99403148393178,trace_json,cd /n/netscratch/sompolinsky_lab/Everyone/zechenzhang/ara-project/extension-runs/restricted_mlm_paper_seed1_job6858168/w
paper-4.5,claude-sonnet-4-5,parent,restricted_mlm_paper_seed1_job6858168,259.1185025016467,1.0262755815046158,4.290652896404266,17.04213137219271,tmp_subagent,bqd0bf0qf.ou
paper-4.5,claude-sonnet-4-5,parent,restricted_mlm_paper_seed1_job6858168,284.0074020981789,1.0279602583618552,4.29535820710659,19.275141539972555,tmp_subagent,bzq5vlznz.ou
paper-4.5,claude-sonnet-4-5,parent,restricted_mlm_paper_seed1_job6858168,286.5019489367803,1.0302692754356786,4.301820194482803,19.49856288118148,trace_json,"while ps aux | grep -q ""[t]rain_conv_large.py""; do sleep 5; done && echo ""TRAINING COMPLETE!"" && bash score.sh 2>&1 | ta"
paper-4.5,claude-sonnet-4-5,parent,restricted_mlm_paper_seed1_job6858168,286.6136018157005,1.0302692754356786,4.301820194482803,19.49856288118148,tmp_subagent,b5i14iie6.ou
paper-4.5,claude-sonnet-4-5,parent,restricted_mlm_paper_seed1_job6858168,297.5410983284315,1.027364124415546,4.293692295789719,20.865200200000004,final_json,harness post-agent final
paper-4.5,claude-sonnet-4-5,resume,restricted_mlm_paper_seed1_resume_job7070627,300.639062289397,1.0292017910636333,4.298830891013146,21.7746496058044,trace_json(resume),bash score.sh
paper-4.5,claude-sonnet-4-5,resume,restricted_mlm_paper_seed1_resume_job7070627,315.9684115568797,1.0262755815046158,4.290652896404266,23.816466503899942,trace_json(resume),bash score.sh
paper-4.5,claude-sonnet-4-5,resume,restricted_mlm_paper_seed1_resume_job7070627,315.9684115568797,1.0279602583618552,4.29535820710659,23.816466503899942,trace_json(resume),bash score.sh
paper-4.5,claude-sonnet-4-5,resume,restricted_mlm_paper_seed1_resume_job7070627,315.9684115568797,1.0281921489073726,4.296006499409676,23.816466503899942,trace_json(resume),bash score.sh
paper-4.5,claude-sonnet-4-5,resume,restricted_mlm_paper_seed1_resume_job7070627,315.9684115568797,1.0292017910636333,4.298830891013146,23.816466503899942,trace_json(resume),bash score.sh
paper-4.5,claude-sonnet-4-5,resume,restricted_mlm_paper_seed1_resume_job7070627,315.9684115568797,1.0304680143634604,4.30237708055973,23.816466503899942,trace_json(resume),bash score.sh
paper-4.5,claude-sonnet-4-5,resume,restricted_mlm_paper_seed1_resume_job7070627,332.2107364058495,1.023907383736716,4.284051897764206,25.79421501300479,trace_json(resume),cp solution/basic_model_1.030_large768.pt solution/basic_model_verify.pt && cp solution/basic_model_verify.pt solution/b
paper-4.5,claude-sonnet-4-5,resume,restricted_mlm_paper_seed1_resume_job7070627,334.4818564017614,1.0262755815046158,4.290652896404266,26.75669118244263,trace_json(resume),cp solution/basic_model_1.030_large768.pt solution/basic_model_verify.pt && cp solution/basic_model_verify.pt solution/b
paper-4.5,claude-sonnet-4-5,resume,restricted_mlm_paper_seed1_resume_job7070627,334.4818564017614,1.0279602583618552,4.29535820710659,26.75669118244263,trace_json(resume),cp solution/basic_model_1.030_large768.pt solution/basic_model_verify.pt && cp solution/basic_model_verify.pt solution/b
paper-4.5,claude-sonnet-4-5,resume,restricted_mlm_paper_seed1_resume_job7070627,334.4818564017614,1.0281921489073726,4.296006499409676,26.75669118244263,trace_json(resume),cp solution/basic_model_1.030_large768.pt solution/basic_model_verify.pt && cp solution/basic_model_verify.pt solution/b
paper-4.5,claude-sonnet-4-5,resume,restricted_mlm_paper_seed1_resume_job7070627,334.4818564017614,1.0292017910636333,4.298830891013146,26.75669118244263,trace_json(resume),cp solution/basic_model_1.030_large768.pt solution/basic_model_verify.pt && cp solution/basic_model_verify.pt solution/b
paper-4.5,claude-sonnet-4-5,resume,restricted_mlm_paper_seed1_resume_job7070627,334.4818564017614,1.0304680143634604,4.30237708055973,26.75669118244263,trace_json(resume),cp solution/basic_model_1.030_large768.pt solution/basic_model_verify.pt && cp solution/basic_model_verify.pt solution/b
paper-4.5,claude-sonnet-4-5,resume,restricted_mlm_paper_seed1_resume_job7070627,334.4818564017614,1.1779609660762316,4.74774518418312,26.75669118244263,trace_json(resume),cp solution/basic_model_1.030_large768.pt solution/basic_model_verify.pt && cp solution/basic_model_verify.pt solution/b
paper-4.5,claude-sonnet-4-5,resume,restricted_mlm_paper_seed1_resume_job7070627,334.4818564017614,1.4431484283230038,5.734005316257477,26.75669118244263,trace_json(resume),cp solution/basic_model_1.030_large768.pt solution/basic_model_verify.pt && cp solution/basic_model_verify.pt solution/b
paper-4.5,claude-sonnet-4-5,resume,restricted_mlm_paper_seed1_resume_job7070627,334.4818564017614,1.4434589548264758,5.735320291280747,26.75669118244263,trace_json(resume),cp solution/basic_model_1.030_large768.pt solution/basic_model_verify.pt && cp solution/basic_model_verify.pt solution/b
paper-4.5,claude-sonnet-4-5,resume,restricted_mlm_paper_seed1_resume_job7070627,334.4818564017614,1.4459399027306876,5.745840945482254,26.75669118244263,trace_json(resume),cp solution/basic_model_1.030_large768.pt solution/basic_model_verify.pt && cp solution/basic_model_verify.pt solution/b
paper-4.5,claude-sonnet-4-5,resume,restricted_mlm_paper_seed1_resume_job7070627,334.4818564017614,1.4471043341273395,5.750787815570831,26.75669118244263,trace_json(resume),cp solution/basic_model_1.030_large768.pt solution/basic_model_verify.pt && cp solution/basic_model_verify.pt solution/b
paper-4.5,claude-sonnet-4-5,resume,restricted_mlm_paper_seed1_resume_job7070627,338.6279319405556,1.0261457119510493,4.290290499091149,27.31062083302098,persisted(resume),b71zq7at7.txt
paper-4.5,claude-sonnet-4-5,resume,restricted_mlm_paper_seed1_resume_job7070627,338.7726366400719,1.0261457119510493,4.290290499091149,27.389261641936436,trace_json(resume),"cp solution/basic_model_BEST_1.024.pt solution/basic_model.pt && echo ""Best model restored"" && bash score.sh"
paper-4.5,claude-sonnet-4-5,resume,restricted_mlm_paper_seed1_resume_job7070627,341.6917691667875,1.0224399283981593,4.279969422101974,28.085193797314222,trace_json(resume),bash score.sh
paper-4.5,claude-sonnet-4-5,resume,restricted_mlm_paper_seed1_resume_job7070627,357.7165866136551,1.0319656097742722,4.306577051758766,29.21934111752526,persisted(resume),b2fmh2as3.txt
paper-4.5,claude-sonnet-4-5,resume,restricted_mlm_paper_seed1_resume_job7070627,357.84062658548356,1.0319656097742722,4.306577051758766,29.251004826768284,trace_json(resume),bash score.sh 2>&1 | tee /tmp/score_baseline.log
paper-4.5,claude-sonnet-4-5,resume,restricted_mlm_paper_seed1_resume_job7070627,392.73554215431216,6.880477756475747,974.5911493530274,31.27995582967896,persisted(resume),bgc52ixt1.txt
paper-4.5,claude-sonnet-4-5,resume,restricted_mlm_paper_seed1_resume_job7070627,392.80070360104247,6.880477756475747,974.5911493530274,31.312988705808213,trace_json(resume),bash score.sh 2>&1 | tee /tmp/score_deep7_wide.log
paper-4.5,claude-sonnet-4-5,resume,restricted_mlm_paper_seed1_resume_job7070627,412.44137511650723,6.848526713494501,943.9913235473633,32.35217962084914,persisted(resume),b5u6wfw2p.txt
paper-4.5,claude-sonnet-4-5,resume,restricted_mlm_paper_seed1_resume_job7070627,412.5326269904773,6.848526713494501,943.9913235473633,32.38677189600379,trace_json(resume),cd .. && bash score.sh 2>&1 | tee /tmp/score_k9.log
paper-4.5,claude-sonnet-4-5,resume,restricted_mlm_paper_seed1_resume_job7070627,415.48389702240627,6.8458021485820275,941.4269397583008,32.641392272354615,trace_json(resume),cd .. && bash score.sh 2>&1 | grep \
paper-4.5,claude-sonnet-4-5,resume,restricted_mlm_paper_seed1_resume_job7070627,437.2192085901896,6.791413854016063,891.671244720459,33.369143423975146,persisted(resume),b345dy0fq.txt
paper-4.5,claude-sonnet-4-5,resume,restricted_mlm_paper_seed1_resume_job7070627,437.29919135570526,6.791413854016063,891.671244720459,33.40675908433702,trace_json(resume),bash score.sh 2>&1 | tail -5
paper-4.5,claude-sonnet-4-5,resume,restricted_mlm_paper_seed1_resume_job7070627,439.1087794661522,1.0259356793078347,4.289704508543014,33.4406315341351,trace_json(resume),cp solution/basic_model_BEST_1.022.pt solution/basic_model.pt && bash score.sh 2>&1 | grep \
paper-4.5,claude-sonnet-4-5,resume,restricted_mlm_paper_seed1_resume_job7070627,461.52784215609233,6.9179738852995625,1011.7709945678711,34.52691566167911,persisted(resume),btadtbber.txt
paper-4.5,claude-sonnet-4-5,resume,restricted_mlm_paper_seed1_resume_job7070627,461.6263058741888,6.9179738852995625,1011.7709945678711,34.56651525628493,trace_json(resume),bash score.sh 2>&1 | tee /tmp/score_50k.log | tail -3
paper-4.5,claude-sonnet-4-5,resume,restricted_mlm_paper_seed1_resume_job7070627,465.0447491248449,1.0213398034599266,4.276912790060043,34.82234142543054,trace_json(resume),"cp basic_model_BEST_1.022.pt basic_model.pt && echo ""Best model restored"" && cd .. && bash score.sh 2>&1 | grep \"
paper-4.5,claude-sonnet-4-5,resume,restricted_mlm_paper_seed1_resume_job7070627,488.4238934715589,6.578386800343253,720.8778925170899,36.070808319355244,trace_json(resume),bash score.sh 2>&1 | tail -1
paper-4.5,claude-sonnet-4-5,resume,restricted_mlm_paper_seed1_resume_job7070627,505.7491498390834,6.832121465966321,928.6556567382812,37.1350001445775,trace_json(resume),bash score.sh 2>&1 | tail -1
paper-4.5,claude-sonnet-4-5,resume,restricted_mlm_paper_seed1_resume_job7070627,507.6115995963415,1.026236896609939,4.290544942378998,37.17402785566977,trace_json(resume),cp solution/basic_model_BEST_1.022.pt solution/basic_model.pt && bash score.sh 2>&1 | tail -1
paper-4.5,claude-sonnet-4-5,resume,restricted_mlm_paper_seed1_resume_job7070627,526.4976040999095,6.920245901919401,1014.0689565734863,38.271376608556665,trace_json(resume),bash score.sh 2>&1 | tail -1
paper-4.5,claude-sonnet-4-5,resume,restricted_mlm_paper_seed1_resume_job7070627,528.3604863484701,1.0346503301495493,4.314122049927711,38.33150406130069,trace_json(resume),bash score.sh 2>&1 | tail -1
paper-4.5,claude-sonnet-4-5,resume,restricted_mlm_paper_seed1_resume_job7070627,531.5662728905678,1.0250607439535049,4.287264764904976,38.646859757757575,persisted(resume),bua58sujt.txt
paper-4.5,claude-sonnet-4-5,resume,restricted_mlm_paper_seed1_resume_job7070627,531.6938920895259,1.0250607439535049,4.287264764904976,38.693155761081485,trace_json(resume),"cp basic_model_BEST_1.022.pt basic_model.pt && cd .. && bash score.sh 2>&1 | grep -E ""score|loss"" | tail -3"
paper-4.5,claude-sonnet-4-5,resume,restricted_mlm_paper_seed1_resume_job7070627,549.7382867892584,2.54576512641434,14.252981997489929,40.55176211884152,trace_json(resume),cd .. && bash score.sh 2>&1 | tail -1
paper-4.5,claude-sonnet-4-5,resume,restricted_mlm_paper_seed1_resume_job7070627,564.1705898443859,6.6544984192595855,777.7684641113282,41.48758716622614,trace_json(resume),bash score.sh 2>&1 | tail -1
paper-4.5,claude-sonnet-4-5,resume,restricted_mlm_paper_seed1_resume_job7070627,565.9424580017726,1.027654886530175,4.294504713773727,41.53559169751452,trace_json(resume),cp solution/basic_model_BEST_1.022.pt solution/basic_model.pt && bash score.sh 2>&1 | grep \
paper-4.5,claude-sonnet-4-5,resume,restricted_mlm_paper_seed1_resume_job7070627,584.8176173567772,6.712694380019476,824.2845498046875,42.77919082996535,trace_json(resume),"until ! ps -p 2015507 >/dev/null 2>&1; do sleep 10; done && echo ""Seed=42 training finished!"" && bash score.sh 2>&1 | ta"
paper-4.5,claude-sonnet-4-5,resume,restricted_mlm_paper_seed1_resume_job7070627,586.7427128911019,1.031059497888157,4.304035130739212,43.382367678797365,trace_json(resume),"cp solution/basic_model_BEST_1.022.pt solution/basic_model.pt && bash score.sh 2>&1 | tail -1 && echo ""BEST MODEL RESTOR"
paper-4.5,claude-sonnet-4-5,resume,restricted_mlm_paper_seed1_resume_job7070627,602.2353564222653,6.656428661365641,779.2682972412109,44.27011311106956,trace_json(resume),bash score.sh 2>&1 | tail -1
paper-4.5,claude-sonnet-4-5,resume,restricted_mlm_paper_seed1_resume_job7070627,615.6688640991847,6.651068511982389,775.1104961547852,44.51120207652242,persisted(resume),bweotzay5.txt
paper-4.5,claude-sonnet-4-5,resume,restricted_mlm_paper_seed1_resume_job7070627,616.0964477419853,6.651068511982389,775.1104961547852,44.55123496118003,trace_json(resume),bash score.sh
paper-4.5,claude-sonnet-4-5,resume,restricted_mlm_paper_seed1_resume_job7070627,632.5220173875491,6.671382461679205,790.9862849121093,45.09117379469593,persisted(resume),beq0wq2zj.txt
paper-4.5,claude-sonnet-4-5,resume,restricted_mlm_paper_seed1_resume_job7070627,632.678973488013,6.671382461679205,790.9862849121093,45.114710941275966,trace_json(resume),cd /n/netscratch/sompolinsky_lab/Everyone/zechenzhang/ara-project/extension-runs/restricted_mlm_paper_seed1_job6858168/w
paper-4.5,claude-sonnet-4-5,resume,restricted_mlm_paper_seed1_resume_job7070627,666.3618898510933,1.0216335601645241,4.277728646636009,46.19631004594159,trace_json(resume),cd /n/netscratch/sompolinsky_lab/Everyone/zechenzhang/ara-project/extension-runs/restricted_mlm_paper_seed1_job6858168/w
paper-4.5,claude-sonnet-4-5,resume,restricted_mlm_paper_seed1_resume_job7070627,718.6922572135925,1.0221934266714772,4.279284239292145,48.388245698602766,trace_json(resume),cd /n/netscratch/sompolinsky_lab/Everyone/zechenzhang/ara-project/extension-runs/restricted_mlm_paper_seed1_job6858168/w
paper-4.5,claude-sonnet-4-5,resume,restricted_mlm_paper_seed1_resume_job7070627,729.4691980361938,1.0224399283981593,4.279969422101974,49.088244251439114,trace_json(resume),cd /n/netscratch/sompolinsky_lab/Everyone/zechenzhang/ara-project/extension-runs/restricted_mlm_paper_seed1_job6858168/w
paper-4.5,claude-sonnet-4-5,resume,restricted_mlm_paper_seed1_resume_job7070627,729.4691980361938,1.0250607439535049,4.287264764904976,49.088244251439114,trace_json(resume),cd /n/netscratch/sompolinsky_lab/Everyone/zechenzhang/ara-project/extension-runs/restricted_mlm_paper_seed1_job6858168/w
paper-4.5,claude-sonnet-4-5,resume,restricted_mlm_paper_seed1_resume_job7070627,729.4691980361938,1.0256428935723994,4.288887842416763,49.088244251439114,trace_json(resume),cd /n/netscratch/sompolinsky_lab/Everyone/zechenzhang/ara-project/extension-runs/restricted_mlm_paper_seed1_job6858168/w
paper-4.5,claude-sonnet-4-5,resume,restricted_mlm_paper_seed1_resume_job7070627,729.4691980361938,1.0261457119510493,4.290290499091149,49.088244251439114,trace_json(resume),cd /n/netscratch/sompolinsky_lab/Everyone/zechenzhang/ara-project/extension-runs/restricted_mlm_paper_seed1_job6858168/w
paper-4.5,claude-sonnet-4-5,resume,restricted_mlm_paper_seed1_resume_job7070627,729.4691980361938,1.0262755815046158,4.290652896404266,49.088244251439114,trace_json(resume),cd /n/netscratch/sompolinsky_lab/Everyone/zechenzhang/ara-project/extension-runs/restricted_mlm_paper_seed1_job6858168/w
paper-4.5,claude-sonnet-4-5,resume,restricted_mlm_paper_seed1_resume_job7070627,766.0023584008218,1.0307985194162068,4.303303433418274,50.68543255,final_json(resume),harness post-agent final
paper-4.6,claude-sonnet-4-6,parent,restricted_mlm_paper_seed0_job7079164,0.0,1.842940980565176,0,0.0,baseline_json,harness pre-agent baseline
paper-4.6,claude-sonnet-4-6,parent,restricted_mlm_paper_seed0_job7079164,1.8031287391980488,1.8432160681239766,7.816820954799652,0.5767156499999998,persisted,b583d35r1.txt
paper-4.6,claude-sonnet-4-6,parent,restricted_mlm_paper_seed0_job7079164,2.1005907615025836,1.844221289819026,7.823173952817917,0.6380056499999998,persisted,b8doyrd93.txt
paper-4.6,claude-sonnet-4-6,parent,restricted_mlm_paper_seed0_job7079164,2.130491081873576,1.8432160681239766,7.816820954799652,0.6380056499999998,tmp_subagent,b583d35r1.ou
paper-4.6,claude-sonnet-4-6,parent,restricted_mlm_paper_seed0_job7079164,2.1799765984217325,1.8432160681239766,7.816820954799652,0.6763090499999997,tmp_subagent,ba1fel83n.ou
paper-4.6,claude-sonnet-4-6,parent,restricted_mlm_paper_seed0_job7079164,2.3098928213119505,1.842375936058691,7.811516219615936,0.6763090499999997,trace_json,python local_score.py 2>/dev/null
paper-4.6,claude-sonnet-4-6,parent,restricted_mlm_paper_seed0_job7079164,2.4277899821599322,1.844221289819026,7.823173952817917,0.6763090499999997,tmp_subagent,b8doyrd93.ou
paper-4.6,claude-sonnet-4-6,parent,restricted_mlm_paper_seed0_job7079164,23.1842547138532,1.126325203468745,4.5843014688491825,3.1676627999999996,trace_json,python local_score.py 2>/dev/null
paper-4.6,claude-sonnet-4-6,parent,restricted_mlm_paper_seed0_job7079164,34.73671873410543,1.0609902464748309,4.3892306236028675,3.9331654499999993,trace_json,sleep 5 && python local_score.py 2>/dev/null
paper-4.6,claude-sonnet-4-6,parent,restricted_mlm_paper_seed0_job7079164,46.033002090454104,1.0293846041090229,4.29934260058403,4.585799249999998,trace_json,sleep 10 && python local_score.py 2>/dev/null
paper-4.6,claude-sonnet-4-6,parent,restricted_mlm_paper_seed0_job7079164,57.06248745918274,1.017404543986559,4.266006391525268,5.451367799999998,trace_json,sleep 15 && python local_score.py 2>/dev/null
paper-4.6,claude-sonnet-4-6,parent,restricted_mlm_paper_seed0_job7079164,68.08023254474004,0.996580935967064,4.209003719091416,6.197903699999998,trace_json,sleep 20 && python local_score.py 2>/dev/null
paper-4.6,claude-sonnet-4-6,parent,restricted_mlm_paper_seed0_job7079164,78.91437758207321,0.9742848403964485,4.149271881103515,6.855554699999999,trace_json,sleep 20 && python local_score.py 2>/dev/null
paper-4.6,claude-sonnet-4-6,parent,restricted_mlm_paper_seed0_job7079164,89.53350967566172,0.9635671697938123,4.121029474496842,7.518516149999999,trace_json,"until [ $(stat -c ""%Y"" solution/basic_model.pt) -gt $(($(date +%s) - 30)) ]; do sleep 15; done; sleep 12 && python local"
paper-4.6,claude-sonnet-4-6,parent,restricted_mlm_paper_seed0_job7079164,89.85866661469142,0.9635671697938123,4.121029474496842,7.652312399999998,tmp_subagent,bzzs8yp98.ou
paper-4.6,claude-sonnet-4-6,parent,restricted_mlm_paper_seed0_job7079164,100.36477717161179,0.9440630596448213,4.070403934836388,8.192829749999998,trace_json,"until [ $(stat -c ""%Y"" solution/basic_model.pt) -gt $(($(date +%s) - 30)) ]; do sleep 15; done; sleep 15 && python local"
paper-4.6,claude-sonnet-4-6,parent,restricted_mlm_paper_seed0_job7079164,100.69030478398005,0.9440630596448213,4.070403934836388,8.330770049999996,tmp_subagent,b5w232xui.ou
paper-4.6,claude-sonnet-4-6,parent,restricted_mlm_paper_seed0_job7079164,111.52312492132187,0.9265742796473575,4.025841512918472,8.879464799999996,trace_json,sleep 20 && python local_score.py 2>/dev/null
paper-4.6,claude-sonnet-4-6,parent,restricted_mlm_paper_seed0_job7079164,122.2079076051712,0.913747689422101,3.993650470852852,9.614762249999995,trace_json,sleep 30 && python local_score.py 2>/dev/null
paper-4.6,claude-sonnet-4-6,parent,restricted_mlm_paper_seed0_job7079164,152.63418782949446,0.8951474187522216,3.9476965992450714,11.855787449999985,trace_json,sleep 30 && python local_score.py 2>/dev/null
paper-4.6,claude-sonnet-4-6,parent,restricted_mlm_paper_seed0_job7079164,157.88427310387294,0.8712124221037467,3.889806552052498,12.055595699999984,trace_json,sleep 30 && python local_score.py 2>/dev/null
paper-4.6,claude-sonnet-4-6,parent,restricted_mlm_paper_seed0_job7079164,168.69601049025854,0.8572925175831048,3.8567711313962936,12.813541349999985,trace_json,sleep 30 && python local_score.py 2>/dev/null
paper-4.6,claude-sonnet-4-6,parent,restricted_mlm_paper_seed0_job7079164,169.02092468341192,0.8572925175831048,3.8567711313962936,12.813541349999985,tmp_subagent,bohvaaika.ou
paper-4.6,claude-sonnet-4-6,parent,restricted_mlm_paper_seed0_job7079164,179.39963247378668,0.8305589333072642,3.794600910782814,13.018304099999984,trace_json,sleep 30 && python local_score.py 2>/dev/null
paper-4.6,claude-sonnet-4-6,parent,restricted_mlm_paper_seed0_job7079164,190.254994336764,0.811497531746948,3.751276822090149,15.453805799999985,trace_json,sleep 30 && python local_score.py 2>/dev/null
paper-4.6,claude-sonnet-4-6,parent,restricted_mlm_paper_seed0_job7079164,190.58040603399277,0.811497531746948,3.751276822090149,15.608204849999986,tmp_subagent,blera4a5l.ou
paper-4.6,claude-sonnet-4-6,parent,restricted_mlm_paper_seed0_job7079164,201.0027593890826,0.8020593197509837,3.7301287511587145,16.242210449999984,trace_json,sleep 30 && python local_score.py 2>/dev/null
paper-4.6,claude-sonnet-4-6,parent,restricted_mlm_paper_seed0_job7079164,201.32840228478113,0.8020593197509837,3.7301287511587145,16.39820564999998,tmp_subagent,b1okb3xbw.ou
paper-4.6,claude-sonnet-4-6,parent,restricted_mlm_paper_seed0_job7079164,205.73811910152435,0.792299397706614,3.7084687403440477,16.602306149999972,tmp_subagent,b3uqdxzs9.ou
paper-4.6,claude-sonnet-4-6,parent,restricted_mlm_paper_seed0_job7079164,212.23670615355175,0.7753446430537113,3.6713403356075287,16.955385899999964,persisted,ba8c8l3uu.txt
paper-4.6,claude-sonnet-4-6,parent,restricted_mlm_paper_seed0_job7079164,212.29633433024088,0.7753446430537113,3.6713403356075287,16.976942399999963,trace_json,python local_score.py 2>&1 | tail -3
paper-4.6,claude-sonnet-4-6,parent,restricted_mlm_paper_seed0_job7079164,212.56366363366445,0.7753446430537113,3.6713403356075287,17.045595599999963,tmp_subagent,ba8c8l3uu.ou
paper-4.6,claude-sonnet-4-6,parent,restricted_mlm_paper_seed0_job7079164,222.985125764211,0.7629813236261166,3.6446606261730192,17.433723299999965,trace_json,python local_score.py 2>&1 | tail -3
paper-4.6,claude-sonnet-4-6,parent,restricted_mlm_paper_seed0_job7079164,223.26531346638998,0.7629813236261166,3.6446606261730192,17.495555549999963,tmp_subagent,buwaewvgm.ou
paper-4.6,claude-sonnet-4-6,parent,restricted_mlm_paper_seed0_job7079164,233.6542944987615,0.750571171587684,3.6182095322608947,18.23351054999997,persisted,bux95htia.txt
paper-4.6,claude-sonnet-4-6,parent,restricted_mlm_paper_seed0_job7079164,233.98163508176805,0.750571171587684,3.6182095322608947,18.344216549999967,tmp_subagent,bux95htia.ou
paper-4.6,claude-sonnet-4-6,parent,restricted_mlm_paper_seed0_job7079164,247.98773979345958,0.7719477662300457,3.663977073073387,19.07572289999997,persisted,bvkw2iw7p.txt
paper-4.6,claude-sonnet-4-6,parent,restricted_mlm_paper_seed0_job7079164,248.31465496619543,0.7719477662300457,3.663977073073387,19.10439899999997,tmp_subagent,bvkw2iw7p.ou
paper-4.6,claude-sonnet-4-6,parent,restricted_mlm_paper_seed0_job7079164,258.64418654441835,0.7531498907349387,3.6236788486242295,19.286824049999964,trace_json,python local_score.py 2>&1 | tail -3
paper-4.6,claude-sonnet-4-6,parent,restricted_mlm_paper_seed0_job7079164,269.4917688449224,0.7401812052281822,3.5963153433799744,20.701625699999962,trace_json,python local_score.py 2>&1 | tail -3
paper-4.6,claude-sonnet-4-6,parent,restricted_mlm_paper_seed0_job7079164,269.8186088323593,0.7401812052281822,3.5963153433799744,20.78116679999996,tmp_subagent,buh8194fj.ou
paper-4.6,claude-sonnet-4-6,parent,restricted_mlm_paper_seed0_job7079164,280.3144070307414,0.7210857794312351,3.5566650834083555,21.07383374999996,trace_json,python local_score.py 2>&1 | tail -3
paper-4.6,claude-sonnet-4-6,parent,restricted_mlm_paper_seed0_job7079164,280.64016358455024,0.7210857794312351,3.5566650834083555,21.15444854999996,tmp_subagent,bnfa8w31v.ou
paper-4.6,claude-sonnet-4-6,parent,restricted_mlm_paper_seed0_job7079164,291.1354692578316,0.7218878085749822,3.5583152503967286,21.453361199999957,trace_json,python local_score.py 2>&1 | tail -3
paper-4.6,claude-sonnet-4-6,parent,restricted_mlm_paper_seed0_job7079164,291.4615544835726,0.7218878085749822,3.5583152503967286,21.453361199999957,tmp_subagent,bhsvbmxqb.ou
paper-4.6,claude-sonnet-4-6,parent,restricted_mlm_paper_seed0_job7079164,301.99387359221777,0.7159350861875027,3.5460990669727326,21.815080499999958,trace_json,python local_score.py 2>&1 | tail -3
paper-4.6,claude-sonnet-4-6,parent,restricted_mlm_paper_seed0_job7079164,302.32025081713994,0.7159350861875027,3.5460990669727326,21.89907839999996,tmp_subagent,b02qhut4x.ou
paper-4.6,claude-sonnet-4-6,parent,restricted_mlm_paper_seed0_job7079164,312.8722435673078,0.7090822846159425,3.5321254898309706,22.21318694999996,trace_json,python local_score.py 2>&1 | tail -3
paper-4.6,claude-sonnet-4-6,parent,restricted_mlm_paper_seed0_job7079164,313.1982384165128,0.7090822846159425,3.5321254898309706,22.300022999999964,tmp_subagent,bso1dck77.ou
paper-4.6,claude-sonnet-4-6,parent,restricted_mlm_paper_seed0_job7079164,323.67451048692067,0.6931952334448652,3.5000961080789565,22.621827449999966,trace_json,python local_score.py 2>&1 | tail -3
paper-4.6,claude-sonnet-4-6,parent,restricted_mlm_paper_seed0_job7079164,324.0001280983289,0.6931952334448652,3.5000961080789565,22.708677899999966,tmp_subagent,bcm1gaxx2.ou
paper-4.6,claude-sonnet-4-6,parent,restricted_mlm_paper_seed0_job7079164,334.46393287181854,0.7010301267185728,3.515828196763992,23.036376449999963,trace_json,python local_score.py 2>&1 | tail -3
paper-4.6,claude-sonnet-4-6,parent,restricted_mlm_paper_seed0_job7079164,334.79094328482944,0.7010301267185728,3.515828196763992,23.12460839999996,tmp_subagent,b8qmbwzzb.ou
paper-4.6,claude-sonnet-4-6,parent,restricted_mlm_paper_seed0_job7079164,345.0243744969368,0.7005649122859428,3.5148906224966048,23.81540939999996,trace_json,python local_score.py 2>&1 | tail -3
paper-4.6,claude-sonnet-4-6,parent,restricted_mlm_paper_seed0_job7079164,345.3510108669599,0.7005649122859428,3.5148906224966048,23.81540939999996,tmp_subagent,bk9dtroqc.ou
paper-4.6,claude-sonnet-4-6,parent,restricted_mlm_paper_seed0_job7079164,371.0810934662819,0.7065286588724594,3.5269428219795227,25.900474649999957,trace_json,python local_score.py 2>&1 | tail -3
paper-4.6,claude-sonnet-4-6,parent,restricted_mlm_paper_seed0_job7079164,371.40694661537805,0.7065286588724594,3.5269428219795227,25.900474649999957,tmp_subagent,b2io7a25m.ou
paper-4.6,claude-sonnet-4-6,parent,restricted_mlm_paper_seed0_job7079164,382.3612706502279,0.6980840960441066,3.5098982442617417,26.00909114999996,tmp_subagent,b0xql2cx5.ou
paper-4.6,claude-sonnet-4-6,parent,restricted_mlm_paper_seed0_job7079164,382.4613167007764,0.6980840960441066,3.5098982442617417,27.358729799999963,trace_json,python local_score.py 2>&1 | tail -3
paper-4.6,claude-sonnet-4-6,parent,restricted_mlm_paper_seed0_job7079164,393.0594102303187,0.700796041147252,3.515356375694275,27.469721849999964,trace_json,python local_score.py 2>&1 | tail -3
paper-4.6,claude-sonnet-4-6,parent,restricted_mlm_paper_seed0_job7079164,404.2549233675003,0.7002380452214392,3.514232128739357,28.840768349999966,tmp_subagent,bp3fjred7.ou
paper-4.6,claude-sonnet-4-6,parent,restricted_mlm_paper_seed0_job7079164,404.67033941745757,0.7002380452214392,3.514232128739357,30.289937549999962,trace_json,python local_score.py 2>&1 | tail -3
paper-4.6,claude-sonnet-4-6,parent,restricted_mlm_paper_seed0_job7079164,425.13429431915284,0.6990699491307211,3.511880685687065,31.879664549999966,trace_json,python local_score.py 2>&1 | tail -3
paper-4.6,claude-sonnet-4-6,parent,restricted_mlm_paper_seed0_job7079164,425.4099381486575,0.6990699491307211,3.511880685687065,32.048069699999964,tmp_subagent,bye1tlwy3.ou
paper-4.6,claude-sonnet-4-6,parent,restricted_mlm_paper_seed0_job7079164,444.85173975229264,0.7008251920290508,3.515415125966072,35.225958899999966,trace_json,CUDA_VISIBLE_DEVICES=1 python local_score.py 2>&1 | tail -1
paper-4.6,claude-sonnet-4-6,parent,restricted_mlm_paper_seed0_job7079164,449.4418873031934,0.7394951147038393,3.5948775745630264,35.35835384999996,trace_json,CUDA_VISIBLE_DEVICES=1 python local_score.py 2>&1 | tail -1
paper-4.6,claude-sonnet-4-6,parent,restricted_mlm_paper_seed0_job7079164,464.16944168408713,0.6910771165052221,3.4958641541004183,36.03156974999996,trace_json,CUDA_VISIBLE_DEVICES=1 python local_score.py 2>&1 | tail -1
paper-4.6,claude-sonnet-4-6,parent,restricted_mlm_paper_seed0_job7079164,464.496197549502,0.6910771165052221,3.4958641541004183,36.16698149999997,tmp_subagent,bcrpqrquy.ou
paper-4.6,claude-sonnet-4-6,parent,restricted_mlm_paper_seed0_job7079164,470.77111827929815,0.715018658907878,3.5442248249053954,36.21265604999997,trace_json,CUDA_VISIBLE_DEVICES=1 python local_score.py 2>&1 | tail -1
